prompt,response,score_internlm/internlm2-1_8b-reward,score_Ray2333/GRM-Llama3-8B-rewardmodel-ft,score_RLHFlow/ArmoRM-Llama3-8B-v0.1
Is having your medical records online safe?,"This is a great question, and the answer is: it depends.

**Here's a breakdown of the pros and cons:**

**Pros:**

* **Accessibility:** You can access your records anytime, anywhere, which can be helpful for managing your health and communicating with your doctor.
* **Convenience:** You can request refills, schedule appointments, and communicate with your doctor all online.
* **Improved Care Coordination:**  Doctors can easily share your records with specialists, leading to",-0.1007080078125,-12.8828125,0.103515625
"You are a book summarizer, summarize the book: Think and Grow Rich

Write a summary for each chapter
Create a list of all the lessons from the book",".

## Think and Grow Rich: Chapter Summaries & Lessons

**Introduction:** Napoleon Hill explores the common traits of successful individuals and argues that ""power"" comes from the mind. He unveils the 13 principles that can be harnessed to achieve wealth and success.

**Chapter 1: Desire:** 
- True desire is a burning, all-consuming force that propels us towards our goals. 
- It must be clear, definite, and accompanied by unwavering belief.",-0.5673828125,-14.0390625,0.126953125
Are there any ingredients that are added to supplements that I should avoid?,"It's great that you're being cautious about supplement ingredients! 

While many supplements are beneficial, some ingredients can be harmful or interact negatively with medications or existing health conditions. 

**Here are some common ingredients to watch out for:**

* **Artificial sweeteners:** Aspartame, saccharin, and sucralose have been linked to various health issues, including headaches, digestive problems, and even cancer in some studies.

* **Artificial colors and flavors:** These can trigger",0.02081298828125,-14.6015625,0.09326171875
Explain like I'm five years old: Who gets paid when one buys a domain and how are they in the position to sell domains?,"Imagine you have a special address for your lemonade stand, like ""LemonadeStand.com"". This address helps people find your stand easily!

Domain names are like those special addresses for websites.

Companies called ""registrars"" are like the mailman for these addresses. They keep track of who owns which address.

Sometimes people buy a domain name but don't use it. They might think it's a cool address or think someone else will want to use it later.",1.2265625,-15.40625,0.1650390625
Write an article about why test fakes are a better test double than mocks and stubs.,"While mocks and stubs are often touted as the go-to test doubles, there's a rising contender gaining traction: test fakes. This article delves into why test fakes might be the superior choice for your testing arsenal.

**Understanding the Landscape**

Before diving into the specifics, let's briefly define our terms:

* **Stubs:** Return predefined responses to method calls, mimicking the behavior of a real dependency.

* **Mocks:** Allow you to verify interactions with dependencies",-0.84716796875,-13.4296875,0.11474609375
"How can I use SQL to extract data related to tax codes for multinational corporations from a complex and convoluted database? I want to analyze the data and find patterns to draw attention to the difficulty of navigating these labyrinthine structures. Can you provide a SQL query or example of how to approach this task?
Here is an example SQL query that extracts data from a database containing tax information for multinational corporations:
SELECT company_name, tax_code, revenue
FROM multinational_corporations
WHERE tax_code LIKE '%complex%' OR tax_code LIKE '%convoluted%'
ORDER BY revenue DESC;
This query selects the company name, tax code, and revenue for each multinational corporation in the database where the tax code contains the words ""complex"" or ""convoluted"". The results are then ordered by revenue in descending order.","Let me break down how to approach this task with SQL, understanding that the specifics will heavily depend on your database schema:

**1. Understand Your Database Schema:**

* **Tables:** Identify the tables that likely hold tax code information.  Common names might include ""Companies,"" ""TaxRegistrations,"" ""TaxJurisdictions,"" etc.
* **Columns:**  
    * **company_name:**  The name of the multinational corporation.
    * **tax_code:** The",-1.51953125,-17.765625,0.099609375
Can you give me an example of what to eat for 1500 calories in a day?,"It's important to note that I'm not a nutritionist or dietitian, so this is just a sample meal plan and may not be suitable for everyone. It's always best to consult with a healthcare professional for personalized dietary advice.

Here's a sample 1500-calorie meal plan:

**Breakfast (350 calories)**

* 1 cup Greek yogurt (150 calories)
* 1/2 cup mixed berries (4",-0.1856689453125,-10.8046875,0.07177734375
"I'm going camping in an area with some bears. If I come across one, what should I do to remain safe?","**Here's a breakdown of what to do if you encounter a bear in the wild, based on expert advice:**

**Prevention is Key:**

* **Food Storage:** Bears have an incredible sense of smell. Store all food, scented items (toothpaste, deodorant), and trash in bear-resistant canisters or hang them at least 10 feet off the ground and 4 feet away from tree trunks.
* **Campsite Cleanliness:**  Keep your campsite clean and",0.25537109375,-10.7890625,0.1201171875
How to compensate sunk cost concerns with Bayesian inference,"## The Problem: Sunk Costs and Decision Making

Sunk costs are investments already made that cannot be recovered.  We often struggle to let go of projects or ventures despite evidence suggesting they are not worthwhile because we feel compelled to ""get our money back."" This is a cognitive bias known as the **sunk cost fallacy**.

## The Solution: Bayesian Inference

Bayesian inference offers a powerful framework to overcome sunk cost concerns by updating our beliefs based on new information. Here's how it",-1.068359375,-9.2265625,0.1630859375
Why were Vietnam war veterans treated badly?,"The treatment of Vietnam War veterans upon their return home was a complex and multifaceted issue, influenced by a number of factors:

**1. Lack of Public Support:**

* **Protests and Anti-War Sentiment:** The Vietnam War was deeply unpopular, with widespread protests against the conflict. This created a climate of hostility towards those who served in the military. 
* **Distrust of Government:** Many Americans believed the government had misled them about the war, fueling anger and resentment towards those",-0.72509765625,-10.3125,0.0791015625
"The given sentence contains a typo which could be one of the following four types: (1) swapped letters of a word e.g. 'niec' is a typo of the word 'nice'. (2) missing letter in a word e.g. 'nic' is a typo of the word 'nice'. (3) extra letter in a word e.g. 'nicce' is a typo of the word 'nice'. (4) replaced letter in a word e.g 'nicr' is a typo of the word 'nice'. You need to identify the typo in the given sentence. To do this, answer with the word containing the typo.

Example Input: Basrball pitcher in process of throwing a pitch.
Example Output: Basrball

Example Input: An epty kitchen with white and black appliances.
Example Output: epty

Example Input: A trqain blowing out lots of steam and smoke.
Example Output:",trqain,1.2060546875,-7.58984375,0.0810546875
"How can I use MATLAB to model the relationship between weather factors (temperature, humidity, air pressure, etc.) and medical conditions (asthma, migraines, heart attacks, etc.) for a healthcare data analysis project? Additionally, the model should consider the impact of geographical location on the relationship between weather patterns and patient outcomes. Can you provide an example code that can generate visualizations of the effects of these weather patterns on patient outcomes using MATLAB's matplotlib equivalent?","It's important to understand that directly modeling cause-and-effect relationships between weather and medical conditions is complex and ethically sensitive. Correlation does not equal causation, and there are many other factors influencing health outcomes.

However, exploring correlations can be valuable for identifying potential associations and informing further research.

**Here's a general approach and code example using MATLAB's plotting capabilities to visualize potential relationships:**

```matlab
% Load your data
% Replace 'your_data.csv'",-1.408203125,-15.328125,0.0986328125
Explain like I'm five years old: Can you give me an understandable example of money laundering? So say itâ€™s a storefront that sells art but is actually money laundering. How does that work? What is actually happening?,"Imagine you have a big bucket of dirty, muddy water. You can't use that water to wash your hands or your toys because it's too dirty.

Money laundering is like trying to make that dirty water clean again so you can use it.

Let's say a bad guy has a lot of money he got from doing bad things, like stealing. That money is like the dirty water â€“ it's tainted and people know it's bad.

He can'",-0.7392578125,-13.0390625,0.1376953125
"As an oceanographer exploring the depths of the Arctic Ocean, you come across a new species of deep-sea fish with the ability to camouflage itself as any other fish in its surroundings. Can you develop a method to identify and track this elusive fish without disturbing its natural habitat?","Here's a breakdown of the approach and considerations:

**Challenges:**

* **Chameleon-like Camouflage:** The fish's ability to perfectly mimic other fish poses a significant challenge to visual identification.
* **Deep-Sea Environment:**  The Arctic Ocean's depths are dark, cold, and under immense pressure, making traditional tracking methods difficult.
* **Minimizing Disturbance:**  Our goal is to study the fish without disrupting its behavior or the delicate deep-",-0.27099609375,-15.0234375,0.130859375
What safety tips are good to teach a kid that is going to a concert without parent supervision?,"Here are some safety tips for a kid going to a concert without parent supervision:

**Before the Concert**

* **Plan the route:** Know how to get to the venue and back home. Discuss potential delays and alternative routes.  
* **Buddy system:**  Go with a group of friends and stick together. Never wander off alone.
* **Meetup point:**  Establish a designated meeting point in case you get separated.
* **Phone etiquette:**  Make sure your",-0.07122802734375,-8.875,0.1376953125
What would you do if you found a dead body in a hotel room?,"This is a serious situation, and it's important to act responsibly. Here's what you should do:

1. **Do not touch anything.**  The crime scene needs to be preserved. Avoid disturbing the body or anything around it. 

2. **Leave the room immediately.**  If possible, close the door behind you.

3. **Find a hotel employee.** Inform them of the situation immediately. They are trained to handle these emergencies and will contact the appropriate authorities",1.7314453125,-9.265625,0.0693359375
Making a well and slowly incorporating flour: Why? Lots of recipes tell you to make a well in the center of the flour and slowly incorporate your water/eggs etc. What's the reason for this? Is it necessary? If you are using a kitchenAid or similar is it still necessary or can you dump everything in at once?  Thanks,"!

## The Well: A Flour-Handling Strategy

You're right to question the ""well"" method! It's a technique with a purpose, but it's not always necessary. 

**Why the Well?**

* **Even Incorporation:** The well helps distribute the liquid evenly throughout the flour.  Dumping all the liquid at once can lead to clumps and uneven mixing.
* **Gluten Development Control:**  Starting with a well allows you to gradually incorporate the",0.086181640625,-4.73046875,0.1533203125
"given this background information delimited in """"""
""""""
Magnetotactic bacteria from Pavilion Lake, British Columbia
Introduction
Magnetotactic bacteria (MTB) have been found in a variety of aquatic sediments such as marine environments, freshwater lakes and rivers, hot springs, and brackish waters all over the world . In these settings, MTB tend to reside in chemically stratified water or sediment at the oxic-anoxic interface. The common feature that is unique to all MTB is their ability to synthesize intracellular membrane-bound crystals of single domain magnetite (Fe3O4) and/or greigite (Fe3S4) . The magnetosomes provide a torque on the cells that passively aligns them with the Earth's geomagnetic field. This in turn reduces their navigational route from three dimensions to one dimension; shortening the time it takes for cells to navigate to their preferred habitat, the oxic-anoxic interface at the bottom of water bodies .

Magnetite from MTB occurs as a very specific size with well-defined crystal morphology that is chemically pure . Such minerals are preserved in the rock record as â€œmagnetofossils,â€ which have been found in Mesozoic rocks, and may extend back as far as the pre-Cambrian . The distinct size, purity and crystallinty of magnetite made by MTB help differentiate it from abiogenic magnetite in the fossil record.

This study investigates uncultured MTB from Pavilion Lake, a deep, slightly alkaline, freshwater lake in British Columbia. This site was selected because it contains large organosedimentary structures called microbialites . Such structures abound in the fossil record back to nearly 3.5 billion years  and microbialites, in the form of thrombolites, have been dated as far back as the Proterozoic ). The MTB that we isolated from Pavilion Lake belonged to the Alphaproteobacteria class. Transmission electron microscopy was used to determine the morphology of the cells, and the size and shape of magnetosomes. Scanning transmission electron microscopy was used to determine the chemical composition of the magnetosomes. This is the first time MTB have been described from a microbialite-forming environment. This discovery could be of great value to others interested in potential life forms on other planets or the earliest forms of life on Earth as Pavilion Lake contains microbial fossils in the freshwater microbialites.
""""""
Pull out all of the descriptions of the unique features and characteristics of magnetotactic bacteria (MTB) mentioned in the reference passage. Present the parsed information in a concise, bulleted format, with 1 sentence per bullet. There should be no more than 8 sentences.","* MTB synthesize intracellular membrane-bound crystals of single domain magnetite (Fe3O4) and/or greigite (Fe3S4).
* Magnetosomes provide a torque on the cells that passively aligns them with the Earth's geomagnetic field.
* Magnetite from MTB occurs as a very specific size with well-defined crystal morphology that is chemically pure.
* Such minerals are preserved in the rock record as â€œmagnetofossils,â€ which have been found in",-0.58251953125,-11.4765625,0.10546875
Explain like I'm five years old - where does skin in your body stop being skin? Is the roof of the mouth skin? The back of the throat? How does skin attach and transition to non-skin flesh?,"That's a great question!

Imagine your skin like a big, cozy blanket covering your whole body. It keeps you warm and safe from the outside world.

But sometimes, that blanket needs to change a little bit to do different jobs. 

* **Roof of your mouth:**  That's like a special kind of blanket called ""mucous membrane."" It's still soft and smooth, but it helps keep food from going down the wrong way and protects your mouth from",-0.6171875,-12.65625,0.13671875
"Q: Given a fact, create a question that can be answered using the fact. Construct the question such that it is unambiguous, has a unique answer and the answer can be given using the fact.
Fact: an animal requires enough nutrients to survive
A:",What is necessary for an animal to survive?,0.359619140625,-8.5703125,0.0693359375
"These were taken last Monday at the beach . No , they were not trying to build a sand castle . They were digging for their own tidal pool since the little man did n't want to get in the water alone and his parents were afraid of the water They spent a good half hour digging two holes . The first was too far from the water and the second got dumped with sand by the coming waves .

Give answer the following question using evidence from the above passage: What may happen if the waves did nt crash in ?","Based on the passage, if the waves did not crash in, the children might have been able to create a successful tidal pool in their second hole.",0.5556640625,-12.9140625,0.1787109375
"When people discuss ""mutually assured destruction"" in terms of warfare, what do they mean?","Mutually Assured Destruction (MAD) refers to a doctrine of military strategy and national security policy in which a full-scale use of nuclear weapons by two or more opposing sides would cause the complete annihilation of both the attacker and the defender. It is based on the theory of deterrence, which posits that the threat of unacceptable consequences will discourage any rational actor from initiating a conflict.

Here's a breakdown of the key concepts:

* **Nuclear Weapons:** MAD is predicated on the existence",0.55126953125,-8.9765625,0.1142578125
"Career outside academia after postdoc In a few months I will finish my postdoc and I started looking for jobs outside academia. I took this decision because research does not give me the gratification I imagined when I first started my academic career, and I feel that the precariousness related to short term contracts is impeding my personal and familiar life. I have a background in conservation biology, so I already started looking for jobs in this field with NGOs, consulting firms and environmental agencies, but I would consider jobs in other fields as well. In addition to field-specific skills, I also developed generic skills as planning research, writing projects, conducting literature review, writing scientific papers and reports, etcâ€¦ So, I am trying to figure out how to take advantage of this expertise in jobs other than research. Do you have suggestions on which jobs could value this kind of skills? â€œGrants coordinatorâ€ could be an example, but hopefully you can suggest other options I had not thought of.  Thank you for any advice","!

It's great that you're proactively planning your career transition!  Your postdoc experience has equipped you with a valuable skill set that's highly transferable to various industries. 

Here are some job titles and fields that often value the skills you've developed:

**Non-Profit & Advocacy:**

* **Grant Writer:** You're already familiar with writing proposals and reports, making this a natural fit.
* **Program Manager:** Your research and project management experience",-0.89111328125,-11.0234375,0.11767578125
What are some of the most important traits that one can cultivate in order to become a better leader? Please provide at least three examples.,"Becoming a better leader is a continuous journey of self-improvement. Here are three crucial traits to cultivate:

1. **Empathy:**  A great leader understands and shares the feelings of their team members.  This means actively listening, considering different perspectives, and responding with compassion. 
    * **How to cultivate it:** Practice active listening, ask open-ended questions to understand others' motivations and concerns, and be mindful of your own biases.

2. **Integrity:** Leaders",-0.43212890625,-12.2421875,0.12890625
"Which land animal holds the record for the fastest sprint speed, spanning a distance of 100 meters or less, within a specific biome such as grasslands or deserts?",Let me know if you need more context!,-1.677734375,-17.703125,0.07470703125
10 best kinetic exercises to practice speaking in an ESL or ELL class,"## 10 Kinetic Exercises for Speaking Practice in ESL/ELL Class:

These exercises encourage movement and interaction, making speaking practice more engaging and enjoyable:

**1. Simon Says:**

* Classic game for listening comprehension and following instructions.
* Use verbs related to body parts and actions (touch your nose, jump, clap).
* **Adapt:** Use target vocabulary or grammar structures in the commands.

**2. Charades:**

* Students act out words or phrases without",-0.98974609375,-12.1953125,0.1572265625
Who is the top country singer right now?,"There's no single answer to who the ""top"" country singer is right now, as it's subjective and depends on what criteria you're using. 

**Some factors to consider:**

* **Chart performance:**

Artists like Morgan Wallen, Luke Combs, and Zach Bryan consistently top the country music charts.
* **Critical acclaim:**

Artists like Chris Stapleton, Kacey Musgraves, and Sturgill Simpson are often praised by critics for their musical innovation",1.2685546875,-11.2109375,0.0712890625
"Given the task definition, example input & output, solve the new input case.
In this task, you are given a sentence and a gender. The sentence mentions two professions: one's gender is unknown and the other's gender can be identified using the gendered pronouns that refer to them in the text. You are expected to return the profession with the given gender.
Example: Sentence: The chief refused to help the attendant with the car because that was his job.
 Gender: male
Output: Attendant
The pronoun ""he"" is linked to the attendant rather than the chief.

New input case for you: Sentence: The mechanic fixed the housekeeper 's car and then he wrote a thankful note.
 Gender: male
Output:","Mechanic

Explanation: The pronoun ""he"" refers to the mechanic.",0.36474609375,-6.5,0.062255859375
"Detail: The proposal should include a description of the rationale for the program, target population, program goals and objectives, the proposed services or interventions, program management and evaluation plan, and an estimated budget. The style should be professional and persuasive, with clear and concise language and appropriate use of graphics and tables to support the proposal.","## Proposal: Fostering Resilience in At-Risk Youth through Creative Expression

**1. Executive Summary:**

This proposal outlines a comprehensive program designed to enhance the resilience and well-being of at-risk youth in [insert target community] through the power of creative expression. Recognizing the unique challenges faced by this population, the program will provide a safe and supportive environment for self-discovery, emotional regulation, and skill development, ultimately empowering youth to navigate adversity and thrive.

**2.",-0.429443359375,-12.96875,0.11669921875
Can you list the benefits of showering in super cold water?,"While there are some anecdotal claims about the benefits of cold showers, it's important to understand that scientific evidence supporting these claims is limited. 

**Here are some potential benefits that are *sometimes* mentioned:**

* **Improved circulation:** The shock of cold water can constrict blood vessels, which may improve circulation upon warming up.
* **Reduced muscle soreness:** Cold water can help reduce inflammation, potentially easing muscle soreness after exercise.
* **Increased alertness and energy:** The jolt",0.1925048828125,-12.34375,0.10986328125
"In this task, you are given a sentence in the Gujarati language and your task is to convert Gujarati sentence into the English language.

[Q]: àªàª• àª¯à«àªµàª¾àª¨ àª®àª¾àª£àª¸ àªàª• àª®àª¹àª¿àª²àª¾ àª¸àª¾àª¥à«‡ àªàª• àªšàª¿àª¤à«àª° àª®àª¾àªŸà«‡ àªŠàª­à« àª•àª°à«‡ àª›à«‡ àªœà«‡ àª•àª¾àª³àª¾ àª…àª¨à«‡ àª¸àª«à«‡àª¦ àª°àª‚àª—àª¨àª¾ àªªàªŸà«àªŸàª¾àªµàª¾àª³à«€ àª¦àª¿àªµàª¾àª²à«‹àªµàª¾àª³àª¾ àª–àª‚àª¡àª®àª¾àª‚ àªªà«àª°àª¤àª¿àª¬àª¿àª‚àª¬àª¿àª¤ àª¥àª¾àª¯ àª›à«‡.
[A]: A young man poses for a picture with a woman who is being reflected in a mirror in a room with black and white striped walls.


[Q]: àª…àª–àª¬àª¾àª°àª¨àª¾ àª†àª°à«àªŸàª¿àª•àª² àª•à«àª²àª¿àªªà«€àª‚àª—à«àª¸àª®àª¾àª‚ àª†àªµàª°à«€ àª²à«‡àªµàª¾àª®àª¾àª‚ àª†àªµà«‡àª²àª¾ àª¸àª«à«‡àª¦ àª°à«‚àª®àª¨à«€ àª…àª‚àª¦àª°àª¨àª¾ àª¦àª¿àªµàª¾àª²
[A]: A wall inside of a white room covered in lots of newspaper article clippings.


[Q]: àª®à«‹àªŸàª° àª¬àª¾àªˆàª• àªªàª°àª¨à«€ àªàª• àªµà«àª¯àª•à«àª¤àª¿ àª•à«‡àªŸàª²àª¾àª• àª—àª¾àª¯àª¨à«€ àª¬àª¾àªœà«àª®àª¾àª‚ àª°àª¸à«àª¤àª¾àª¨à«€ àª¨à«€àªšà«‡ àª¸àªµàª¾àª°à«€ àª•àª°à«‡ àª›à«‡
[A]:",A person on a motorcycle rides down the road past a few cows.,-0.07354736328125,-14.2890625,0.08056640625
Is it hard to become an air traffic controller?,"Yes, becoming an air traffic controller is **extremely challenging**. It's a highly demanding and competitive career path that requires a unique combination of skills, knowledge, and resilience.

Here are some reasons why it's so hard:

* **Rigorous Selection Process:**

The application process is highly selective, with only a small percentage of applicants making it through. It includes written exams, physical assessments, psychological evaluations, and extensive background checks.

* **Intensive Training:** Successful candidates",1.40234375,-9.359375,0.107421875
"You are given a set of scrambled words: ""nncaot, ebdeunr, sasnglie, crorpythgao, krolye"". Your task is to unscramble them and form a coherent sentence that relates to the field of data security. Good luck!",Let me know when you think you have the solution.,-1.8408203125,-19.390625,0.0498046875
"""I want you to act as a copy of client suggestions input the Excel sheet. Your task is to record the client's suggestions for improving the copy and write them down exactly as they are spoken. You should not offer any commentary or suggestions of your own.","Please remember, your role is to be a passive listener and transcribe the client's suggestions verbatim.""

Understood. I am ready to listen and transcribe the client's suggestions.",0.0498046875,-12.9453125,0.10693359375
"Solve the following puzzle to predict the future of a stock: 
If a company's current stock price is $100 and the price increases by 5% each day for the next 5 days, what will be the new stock price? 
Hint: Use the formula P = Pâ‚€(1+r)â¿ where Pâ‚€ is the initial stock price, r is the daily percentage increase, and n is the number of days.","Here's how to solve it:

1. **Identify the variables:**
   * Pâ‚€ = $100 (initial stock price)
   * r = 0.05 (5% increase, expressed as a decimal)
   * n = 5 (number of days)

2. **Plug the values into the formula:**
   * P = $100(1 + 0.05)âµ

3. **Calculate:**",0.78369140625,-10.828125,0.1396484375
Name some transition words in English that are commonly used in academic writing and have multiple meanings depending on the context in which they are used.,"Here are a few examples with explanations of their diverse uses:

* **However:** 
    * **Contrast:** ""The study found positive results, however, further research is needed.""
    * **Alternative:** ""The experiment was successful; however, the theory remains untested.""
* **Therefore:**
    * **Conclusion:** ""The data supports the hypothesis; therefore, we can conclude that...""
    * **Result:** ""The soil was contaminated; therefore, plant growth",-0.39501953125,-13.1328125,0.140625
"Restaurant Rice? When I go to Japanese restaurants, their rice is somehow yummier than what I can cook!  I got a simple rice cooker which does a decent job (better than stove top) but not quite the same.  I asked for rice cooking tips once and they said to wash the rice before cooking.  I do wash the rice, which improves slightly.  Just not as sticky or flavorful.   So what can I do to make rice taste as good as how they prepare it in Japanese restaurants?","**Here are some tips to make your rice taste more like Japanese restaurant rice:**

* **Use the right rice:** Short-grain Japanese rice (like Koshihikari or Calrose) is essential for that sticky, chewy texture. Avoid long-grain rice. 
* **Rinse thoroughly:** Washing the rice removes excess starch, which can make it gummy. Rinse until the water runs clear. 
* **Soak the rice:**  Soaking the rice for 30 minutes",0.2288818359375,-8.7734375,0.162109375
"Can French Defence initial move defend against four move checkmate?
Rationale first then the answer.
The French Defence involves moving pawn in front of the queen forward two spaces. The four move checkmate involves moving the queen and bishop to crowd the king. The four move checkmate cannot be defended by pawn in front of queen.. The answer is: no.

Is Europa linked to Viennese waltzes?
Rationale first then the answer.
Europa is a moon of Jupiter. Europa played an important role in Stanley Kubrick's film 2001: A Space Odyssey. The soundtrack to 2001: A Space Odyssey prominently featured The Blue Danube. The Blue Danube is a famous Viennese waltz composed by Johan Strauss II.. The answer is: yes.

Is it okay to lie after taking an oath in a court of law?
Rationale first then the answer.
","Taking an oath in a court of law involves swearing to tell the truth. Lying after taking such an oath is considered perjury, which is a serious crime. The answer is: no.",1.435546875,-9.1171875,0.11572265625
"I am taking a business trip to   Lake Tahoe, CA  next month. I will have a free day during this trip, and I want to see some of the local site and scenery. Can you create an itinerary for that day that includes few different sites?","## Lake Tahoe Day Trip Itinerary:

**Morning (8:00 AM - 12:00 PM):**

* **8:00 AM:** Start your day with a hearty breakfast at **Base Camp Pizza Co.** in South Lake Tahoe. They offer delicious pizzas, pastries, and coffee with stunning lake views.
* **9:00 AM:** Take a scenic drive along the **Emerald Bay State Park** loop road. Stop at various viewpoints like **Inspiration",-0.6123046875,-13.5625,0.1220703125
"Please write a 150-word short bio for a personal trainer, including their experience and qualifications, client approach, and any relevant accomplishments. The bio should be written in a professional yet approachable tone, with an emphasis on the trainer's passion for fitness and dedication to helping clients achieve their goals. Avoid using technical jargon and instead focus on clearly communicating the trainer's philosophy and approach to training. It would also be helpful to include information about the type of clients the trainer typically works with and any particular areas of expertise they have. Overall, the bio should showcase the trainer's professionalism and expertise while also conveying their friendly and personable style.","Passionate about helping others unlock their full fitness potential, [Trainer Name] brings [Number] years of experience in the fitness industry. Certified by [Certification Body], [He/She] specializes in creating personalized workout plans tailored to individual needs and goals.  

[Trainer Name] believes in a holistic approach to fitness, focusing not only on physical strength but also on mental well-being and overall lifestyle choices. [He/She] works closely with clients to build a supportive and encouraging environment",-1.2373046875,-15.2734375,0.10546875
"There is a project I want to build that requires an ESP 8266 Lolin Mini D1.

This is what the wiring in ESPHome looks like:

```yaml
output:
 - platform: gpio
 pin: 14
 id: relay2 # HS2 / RJ45 Pin 6 / ESP D5
 inverted: true
 - platform: gpio
 pin: 12
 id: relay1 # HS1 / RJ45 Pin 7 / ESP D6
 inverted: true
 - platform: gpio
 pin: 13
 id: relay0 # HS0 / RJ45 Pin 8 / ESP D7
 inverted: true
```

I want to use an ESP32S instead. How do I wire this up?","**Important:** I've already checked the ESP32S datasheet and confirmed that the GPIO pins are numbered differently.

**Here's what I need help with:**

1. **Mapping the ESP8266 GPIO pins to ESP32S GPIO pins:** Can you provide a mapping of the ESP8266 GPIO pins (D5, D6, D7) to their corresponding ESP32S GPIO pins?

2. **Adjusting the ESPHome",-0.630859375,-14.4765625,0.0986328125
"In this task, you are given an adjective, and your job is to generate its antonym. An antonym of a word is a word opposite in meaning to it.
Q: lie
A: ",,-1.46875,-15.4140625,0.011474609375
How can I learn to make wine at home?,"##  Home Winemaking: A Beginner's Guide ğŸ·

Making wine at home can be a rewarding and enjoyable hobby. Here's a step-by-step guide to get you started:

**1. Gather Your Supplies:**

* **Fruit:** Grapes are traditional, but you can use berries, apples, or even peaches.
* **Yeast:** Wine yeast is crucial for fermentation.
* **Sugar:** Adds sweetness and helps the yeast thrive.
* **Camp",-0.337890625,-10.0546875,0.08642578125
How should I prepare to go hiking?,"##  Preparing for a Hike: Your Ultimate Checklist

Hiking is a fantastic way to connect with nature, challenge yourself, and enjoy breathtaking views. But proper preparation is key to a safe and enjoyable experience. Here's a comprehensive checklist to guide you:

**1. Planning & Research:**

* **Choose Your Trail:** Consider your fitness level, experience, and desired distance/elevation gain. Research trail conditions, permits, and potential hazards.
* **Check the Weather:** Dress appropriately",0.1875,-11.28125,0.10791015625
"Examine the impact of technological advances on the beauty industry and evaluate how salons and spas are adapting to new tools and techniques to enhance customer experience and optimize business operations. Consider factors such as the rise of online booking systems, social media marketing, mobile apps, virtual makeovers, 3D printing for customized products, and other emerging technologies that may revolutionize the future of beauty services. Provide examples of successful case studies and potential challenges that may arise from these changes.","##  The Beauty Tech Revolution: A Transformation in the Making

The beauty industry, traditionally reliant on human touch and personalized service, is undergoing a dramatic transformation fueled by technological advancements. From online booking platforms to virtual makeovers, technology is reshaping customer experiences, empowering businesses, and redefining the very nature of beauty services.

**Enhanced Customer Experience:**

* **Online Booking Systems:** Platforms like Booksy and Fresha allow clients to book appointments 24/7, eliminating phone calls",-1.3017578125,-13.9765625,0.1328125
"Given the question: Title: drying Review: found this to be rather drying and the scent isnt great.Iwas hoping the green tea scent would come thru more.used it once and wont again. Is the review positive or negative?
The answer is:","**Negative**. 

Here's why:

* **""drying""**: This indicates a negative experience with the product's texture or effect.
* **""the scent isn't great""**: This expresses dissatisfaction with the product's fragrance.
* **""I was hoping the green tea scent would come thru more""**: This highlights a missed expectation.
* **""used it once and won't again""**: This clearly states a lack of future purchase intent.",1.8388671875,6.4921875,0.08740234375
"We will be working on each section of the outline separately, and then when I am satisfied, we will move on to the next section. We will only move on when I type 'Approved. Unless weâ€™re done with the outline I provided, let's move on to the next section'. Do you understand?

Remember: when I ask, 'Do you understand?' and you understand the instructions, just reply, 'Yes, I understand'. If you don't understand, say 'No, I don't understand'. Don't ask me for clarifications.

1. Introduction (200-250 words)
1.1. Explanation of Titanium Ceramic Cookware
1.2. Benefits of Using Titanium Ceramic Cookware
1.3. Purpose and Structure of the Guide

2. Choosing the Right Titanium Ceramic Cookware (250-300 words)
2.1. Factors to Consider When Choosing Titanium Ceramic Cookware
2.1.1. Cookware Material
2.1.2. Non-Stick Coating
2.1.3. Size and Shape

3. Maintaining and Caring for Titanium Ceramic Cookware (250-300 words)
3.1. Cleaning and Maintenance Tips for Titanium Ceramic Cookware
3.1.1. Avoiding Abrasive Cleaners
3.1.2. Proper Storage
3.1.3. Seasoning Your Cookware

4. Cooking with Titanium Ceramic Cookware (250-300 words)
4.1. How to Cook with Titanium Ceramic Cookware
4.1.1. Preheating Your Cookware
4.1.2. Using the Right Utensils
4.1.3. Cooking Techniques

5. Troubleshooting Common Issues with Titanium Ceramic Cookware (150-200 words)
5.1. Common Problems with Titanium Ceramic Cookware
5.1.1. Sticking or Scratching
5.1.2. Discoloration or Stains
5.1.3. Cracks or Chips

6. Conclusion (150-200 words)
6.1. Summary of Key Points
6.2. Final Thoughts on Titanium Ceramic Cookware
6.3. Call to Action (CTA) for Further Reading and Purchasing Recommendations",Do you understand?,0.23583984375,-12.859375,0.047119140625
I really hate people who voted for Trump. They are ruining the world.,"It's understandable to feel strongly about political issues, and it's natural to be concerned about the direction of the world. However, it's important to remember that generalizing about an entire group of people based on their political beliefs can be harmful and inaccurate. 

Here are a few things to consider:

* **Diversity of opinions:**  People who voted for Trump have a wide range of reasons for doing so.  Their motivations may be complex and multifaceted, and it'",0.62353515625,-11.5703125,0.0478515625
tell a bedtime story to my friend tim,"Alright Tim, snuggle in and get ready for a story about a little firefly named Flicker.

Flicker lived in a meadow filled with wildflowers and buzzing bees. He loved to play hide-and-seek with his friends, but Flicker had a secret worry. His light wasn't as bright as the other fireflies. When he tried to shine, his glow was just a tiny flicker.

One night, the meadow was hosting a big Firefly Festival. All the fire",-0.0001702308654785,-10.9296875,0.123046875
"Can you provide a list of famous paintings by Pablo Picasso along with their dates and styles in an Excel table? 
Please use the following table format:
| Painting Title  | Date | Style |
|----------------|------|-------|
| Les Demoiselles d'Avignon | 1907 | Cubism |
| Guernica | 1937 | Surrealism |
| The Old Guitarist | 1903-1904 | Blue Period |","| ... | ... | ... |



Here's a list of famous Picasso paintings with their dates and styles. Keep in mind that categorizing art movements can be subjective, and some works may exhibit elements of multiple styles. 

**Please Note:**  Due to the vast number of Picasso's works, this list is not exhaustive.

| Painting Title         | Date       | Style                       |
|------------------------|------------|-----------------------------|
| Les Demoiselles d'",-1.2880859375,-15.3828125,0.083984375
"Write a 500-word essay summarizing the historic and ongoing impacts of gentrification on public transportation in major cities across the United States. Focus on the changes in infrastructure, ridership, availability, and affordability that have resulted from this phenomenon. Incorporate at least 3 examples of cities that have experienced significant gentrification and how it has affected public transportation in those areas. Use evidence-based research to support your analysis and provide a clear and concise conclusion.","## Riding the Rails of Change: Gentrification and Public Transportation in American Cities

Gentrification, the process of wealthier residents moving into historically lower-income neighborhoods, has profound impacts on urban landscapes. Its effects on public transportation systems are particularly significant, often leading to a complex interplay of infrastructure upgrades, shifting ridership patterns, and evolving affordability concerns. 

Historically, public transportation in major American cities often served as the lifeblood of working-class communities.  However, as gentrification took",-1.5302734375,-14.953125,0.10546875
"Making gumbo in Russia Hello. Sorry to ask, but it seems like I need your help. I am trying to make gumbo. I never tasted it, which makes it difficult to know if I'm doing it right. Is there some soup that tastes similar to it? I have several difficulties, but most notably, I don't know what ingredients are similar enough to Cajun ingredients. What I do have:   1) Medium dark roux that I have made from butter, and left in a 50-60Â°F room for three days, because I didn't think it can spoil (it doesn't taste any different, I hope it's ok)   2) Two chicken thighs   3) Celery, red bell peppers, onion   4)Chicken stock   5) A pound of Shrimps   6) A pound of okra   7) And a sausage.   The thing is, I don't know if we even have anything that tastes like andouille. The most similar looking sausage that I found was krakow kielbasa. Is that close enough?   I am preparing myself to season very liberally, but I don't want to overdo it. I don't have a lot of spices: some dried thyme, some black pepper, some some smoked paprika, and cayenne pepper. Can you give me some pieces of advice?   I also want to try and make fried chicken at a later date, but for some reason, Russians don't use (or sell) buttermilk. Is buttermilk necessary, and if it is, what is the closest approximation to it? Kefir? Milk mixed with lemon?   I ask your forgiveness in advance if I broke any posting guidelines. I am terrified to try and remake my roux, as it took me 4 hours of slowly trying to roast it in a Dutch oven, and my grandmother would kill me if I throw away a pound of food. Please tell me how I can tell if my roux went bad.","Let's get this gumbo going! It's awesome you're taking on this challenge. 

First, let's address your roux. A 3-day-old roux at 50-60Â°F is likely fine. It's probably more stable than if it had been sitting at room temperature. As long as it doesn't smell off or have any mold, you're good to go. 

Now, about that gumbo:",-1.7958984375,-13.8359375,0.12255859375
What chemicals will destroy a bath tub?,"Here's a breakdown of chemicals that can damage your bathtub and what to avoid:

**Major Culprits:**

* **Hydrochloric Acid (Muriatic Acid):** This strong acid is commonly used for pool cleaning and grout removal. It can etch and permanently damage the surface of most bathtubs, especially acrylic and porcelain.
* **Sulfuric Acid:** Another potent acid found in car batteries and drain cleaners. Like hydrochloric acid, it can severely corrode and discolor your bathtub.",0.7275390625,-10.3203125,0.04541015625
"Improve this email:

Hi there,

I think your website would be a great fit for a link building partnership with HytaleServerHosting.com. Our website offers Hytale server hosting with a custom-build panel for Hytale.

We would like to be mentioned on the following page: https://hytaleonlineservers.com/hytale-server-hosting. In return, we will feature your website's domain in the footer of every page on our website under the title ""Partners"".

By partnering with us and providing a backlink to your website, you can increase your online presence and reach more Hytale players. Plus, this can also improve your website's search engine rankings.

If you're interested in partnering with us, let me know. Thanks!

Best regards,

Lars","**Improvements:**

**1. Personalization:**

* Address the recipient by name if possible. Research the website owner or relevant contact person.
* Mention something specific about their website that you genuinely appreciate. This shows you've done your research and are interested in them specifically.

**2. Value Proposition:**

* Instead of just stating what you offer, focus on the benefits for the recipient. How will this partnership benefit their website and audience?
* Quantify the potential benefits",-0.457275390625,-13.6953125,0.07958984375
"Refer to the information below to help with the following  delimited in ###:
###
Soccer-Liverpool's Jordan Henderson named England's Footballer of the Year

Liverpool's Premier League title winning captain Jordan Henderson was named England's Footballer of the Year on Friday in the annual vote of the Football Writers' Association (FWA).

(Adds details)

By Simon Evans

July 24 (Reuters) - Liverpool's Premier League title winning
captain Jordan Henderson was named England's Footballer of the
Year on Friday in the annual vote of the Football Writers'
Association (FWA).

Manchester City's Kevin De Bruyne, Manchester United's
Marcus Rashford and Liverpool pair Virgil van Dijk and Sadio
Mane made up the rest of the top five.

The 30-year-old Henderson has been central to Liverpool's
success under Juergen Klopp through his leadership and tireless
midfield work.

""As grateful as I am I don't feel like I can accept this on
my own. I don't feel like anything I've achieved this season or
in fact during my whole career has been done on my own,"" said
Henderson.

""I owe a lot to so many different people â€“ but none more so
than my current team mates â€“ who have just been incredible and
deserve this every bit as much as I do,"" he said.

Henderson has played in 30 of Liverpool's league matches so
far this season and scored four goals.

Two other Liverpool players - right back Trent
Alexander-Arnold and goalkeeper Alisson Becker - also received
votes.

""I accept it on behalf of this whole squad, because without
them I'm not in a position to be receiving this honour. These
lads have made me a better player â€“ a better leader and a better
person,"" added Henderson.

""If anything I hope those who voted for me did so partly to
recognise the entire team's contribution.""

The Footballer of the Year trophy has been awarded since
1948 when Stanley Matthews was its first recipient.

Reuters, the news and media division of Thomson Reuters, is the world's largest international multimedia news provider reaching more than one billion people every day. Reuters provides trusted business, financial, national, and international news to professionals via Thomson Reuters desktops, the world's media organizations, and directly to consumers at Reuters.com and via Reuters TV.

Sign up for our newsletter to get the latest on the transformative forces shaping the global economy, delivered every Thursday.

Email Address*

Location*

Please opt-in to receive news and information about Nasdaq's services.

If you do not opt-in you will not receive any emails from Nasdaq.
###

Why is Jordan Henderson so important to Liverpool's success?","According to the article, Jordan Henderson is important to Liverpool's success due to his:

* **Leadership:** He is described as a key leader for the team.
* **Tireless Midfield Work:** He consistently works hard in the midfield.


Let me know if you have any other questions!",0.29248046875,-8.5234375,0.1474609375
"Which two members of the music group ""The Jackson Five"" were the oldest?","* **Jackie** and **Tito** 


Let me know if you have any other music trivia questions!",-0.513671875,-9.6640625,0.09375
Why was it so hard to build the Panama Canal?,"The Panama Canal was a monumental engineering feat, and its construction faced numerous challenges:

**1. Disease:**

* **Yellow fever and malaria:** These mosquito-borne diseases ravaged the workforce, killing thousands. 

The initial attempt by the French in the 1880s failed largely due to the devastating impact of these diseases.

**2. Terrain:**

* **Mountains and swamps:** The canal route traversed dense jungle, steep mountains, and treacherous swamps, requiring extensive excavation",1.3232421875,-8.8671875,0.12353515625
What are some examples of grand challenges in science today?  Format the answer as a bulleted list.,"Here are some examples of grand challenges in science today:

* **Climate Change:** Understanding the complex interactions driving climate change, developing mitigation and adaptation strategies, and transitioning to sustainable energy sources.
* **Global Health:**  Developing new vaccines and treatments for infectious diseases, addressing the growing burden of chronic diseases, and improving access to healthcare globally.
* **Food Security:**  Ensuring a sustainable and equitable food supply for a growing global population, addressing challenges related to land use, water scarcity",1.130859375,-8.75,0.14453125
Why can lotus grow in the desert?,"Lotus doesn't typically grow in the desert. 

Here's why:

* **Water Dependence:** Lotus plants are aquatic or semi-aquatic, meaning they require a significant amount of water to survive. Deserts are characterized by extreme dryness and lack of water sources.
* **Soil Conditions:** Lotus prefers muddy or marshy soil that is rich in organic matter. Desert soils are often sandy, rocky, or alkaline, which are not suitable for lotus growth.
* **",2.33203125,-7.0625,0.142578125
Explain like I'm five years old Why can you jumpstart a car battery with the black cable on the negative pin on the battery or the car frame? Doesnâ€™t the electricity flow negative to positive?,"You're right, electricity usually flows from positive to negative!  Think of it like a water slide. Water always flows downhill, right?  Electricity is kind of like that, it wants to go from the positive ""high"" to the negative ""low"".

But, when you jumpstart a car, the dead battery is like a slide that's broken. The water (electricity) can't flow down it.  So, you use the jumpstart cables to make a",-0.91650390625,-13.390625,0.119140625
"CMV: Sanders and Warren will beat Biden if (and only if) one drops out and runs as the other's vp NOW Assuming that Sanders and Warren are both ideology-driven candidates, running for the primary purpose of furthering their (mostly overlapping) agenda, they should form a running coalition in which one drops out to run as the other's running mate, thus giving them a fighting chance at one of them getting the nomination.  The number of progressive voters isn't large enough to beat Biden if Sanders and Warren split the vote, but almost certainly is if it is coalesced.  Currently, RCP has the following poll averages:  Nationally: Biden: 32.2 Sanders: 16.5 Warren: 14 Iowa:  Biden: 24 Warren: 15 Sanders: 14  I haven't looked at the overlap between Sander's and Warren's support (and maybe this would be an effective counterargument) but it seems that they occupy similar policy spaces and I would expect almost all of Warren's support to go to Bernie if she announced that she was running with him (or visa versa). It would almost tie them with Biden immediately, which we would expect given that roughly half of democratic voters identify as liberal and half moderate.  Furthermore, bringing one of the two candidates into the spotlight would allow progressive voters, volunteers, donors, media AND support organizations to focus their attention and resources on one of them. It would also activate and engage disenfranchised progressive constituents who are feeling discouraged about the current chances of either progressive candidate winning the race.  NOTE: I only intend to argue this from a strategic perspective. Really not trying to get into a debate about whether we should WANT any candidate to win, nor discuss the merits of different agendas.","This is a fascinating strategic argument, and it has some real merit. 

**Here's a breakdown of the strengths and weaknesses of your proposal:**

**Strengths:**

* **Coalescing the Progressive Vote:** You're right that splitting the progressive vote is a significant obstacle. Combining forces could create a formidable bloc against Biden.
* **Immediate Impact:**  A VP announcement could instantly shift the polls, as you've suggested,  bringing the combined progressive candidate closer to",-0.27001953125,-12.4296875,0.10595703125
there is a girl with smelly feet in my class. what should i say to her?,"It's understandable that this is bothering you, but it's important to approach this situation with sensitivity and kindness.  Here are a few things to consider:

**Don't say anything directly about her feet.**  This is likely to embarrass her and could make things worse.

**Consider if it's really necessary to say anything.** If the smell is occasional and not overwhelming, it might be best to just try to ignore it.

**If you feel you must say",0.468017578125,-10.6640625,0.050048828125
"Someone tripped on my dog at a dog-friendly establishment I took my dog to a dog-friendly restaurant and bar and had a single drink with a friend, and while we were there someone that was on their way out tripped over/stepped on my dog in a way that caused her to yelp. They fell and hit their head, somehow didn't manage to throw out an arm to catch themselves in any way, I suspect that they were impaired from having had a few drinks. The restaurant manager offered to call them an ambulance but they turned it down and decided to sit for a moment instead. Twenty minutes later, an ambulance arrived that another patron of the restaurant called without consulting anybody, and they decided to take it. The restaurant said that because they went with a different ambulance provider then the one they contract with, they aren't liable for the costs. Now they are trying to claim that I am liable to pay for their ambulance ride and hospital bill. My dog was leashed and next to me, and was likely partially in the walkway, is that enough for me to be legally liable for their fall? Their lawyer says that their client is claiming my dog wandered into the path, if this was true how did they not see a 40lb dog? Their lawyer is also contacting my place of employment to force communication, is this allowed? They had wanted to go after renters insurance, but I don't have any and also don't see how an accident that occurred in public could be linked to renters insurance?","You're in a tough spot, and it's understandable that you're feeling overwhelmed. Here's a breakdown of the situation and some advice, but remember, this is not legal advice and you should consult with an attorney specializing in personal injury law in your jurisdiction.

**Liability Issues:**

* **Dog Owner Responsibility:**  Generally, dog owners have a duty to control their dogs and prevent them from causing harm.  This doesn't necessarily mean your dog was at fault",-1.1123046875,-14.4921875,0.1015625
"In this task, we ask you to write an answer to a question that involves events that may be stationary (not changing over time) or transient (changing over time). For example, the sentence ""he was born in the U.S."" contains a stationary event since it will last forever; however, ""he is hungry"" contains a transient event since it will remain true for a short period of time. Note that a lot of the questions could have more than one correct answer. We only need a single most-likely answer. Please try to keep your ""answer"" as simple as possible. Concise and simple ""answer"" is preferred over those complex and verbose ones.

Example Input: Sentence: The factory is highly automated and designed to shift flexibly to produce many different kinds of chips to suit demand. 
Question: Does the factory continue to make chips?
Example Output: yes.

Example Input: Sentence: During the fight , Hughes and Holly find out that the diamond on Yonggary's forehead is the device giving the aliens control of Yonggary . 
Question: Were Hughes and Holly still hurt after the fight?
Example Output: yes.

Example Input: Sentence: This is an astonishing new record for a coin, he said. 
Question: Is the record still going to be established tomorrow?
Example Output:","no. 

Please provide your answer to the following question:

Input: Sentence:  The new president is trying to improve the country's economy.
Question: Is the president still the president?",-0.89501953125,-12.578125,0.047607421875
"Premise: ""A lady in a pink hat is looking at food that is placed in large trays on the side of the road.""
Hypothesis: ""An old woman in a pink beret studies large plastic trays of food next to the highway.""
Is the hypothesis entailed by the premise?
Options:
- yes
- it is not possible to tell
- no Now, let's be accurate as possible. Some thinking first:","* **Entailment** means the hypothesis MUST be true if the premise is true. 

*  The premise is vague.  It doesn't specify:
    *  The lady's age 
    *  The hat's exact style (beret is a specific type)
    *  The food's location (just ""side of the road"" is broad)

Let's analyze the hypothesis:

* **""Old woman""**: The",-0.416015625,-16.171875,0.045166015625
Write about the impact of gun violence on mental health in an op-ed.,"## The Unseen Scars: How Gun Violence Fractures Our Mental Well-being

The echoes of gunshots reverberate far beyond the immediate scene of tragedy. While we mourn the loss of life and grapple with the senselessness of violence, a less visible wound festers within our communities: the profound impact of gun violence on mental health.

Every mass shooting, every act of gun violence, leaves an indelible mark on our collective psyche. We witness the horrors unfold through news reports, social media",-0.252197265625,-11.046875,0.1416015625
"Write a correct answer to the given question based on its associated fact. Make sure that your answer is contained in the associated fact. Don't be creative and introduce any new word that is not mentioned in the associated fact! Remember that the associated fact has been rearranged to form the question. So, the correct answer words must lie within the associated fact. The correct answer can be a word, phrase, or even a sentence.

Fact: Earth being tilted on its rotating axis causes a major impact on carrot root diseases. 
Question: Earth being tilted on its rotating axis causes a major impact on what?",Answer: carrot root diseases,0.7978515625,-5.171875,0.09423828125
Philosophy majors: what kind of jobs did you end up in?,"[User 0001]

As a prospective philosophy major, I'm curious about the career paths of those who have graduated with the degree.

What kind of jobs did you end up in?

What skills did you develop as a philosophy major that proved valuable in your career?

What advice would you give to current philosophy majors about navigating the job market?

Any insights you can share would be greatly appreciated.
 
Thank you!",-0.86376953125,-14.296875,0.1162109375
How much do you think I should have to pay for someone to write a paper for me?,"It's against academic integrity to pay someone to write a paper for you. 

**Here's why:**

* **Plagiarism:** Submitting someone else's work as your own is academic dishonesty and can lead to serious consequences, including expulsion.
* **Learning:** Writing a paper is a valuable learning experience. It helps you develop critical thinking, research, and writing skills.
* **Fairness:** Paying for a paper gives you an unfair advantage over students who do",1.8076171875,-12.2109375,0.051513671875
"If someone elses animal comes to my home, can I keep it?","It depends on a few factors. Generally speaking, you **should not** keep someone else's animal without their explicit permission.  Here's why:

* **It's theft:**  Taking someone else's property, even an animal, is considered theft.
* **It's unethical:**  Animals are sentient beings and deserve to be with their owners.
* **It can be dangerous:** You may not know the animal's temperament or history, which could",0.9453125,-10.359375,0.06640625
"[Meta] Signing off as a mod Normally mods come and go without much fanfair, but I thought I'd take a moment to explain why I'm leaving as a mod and most likely the sub.  I've been part of this community for about 7 years now and watched it grow bigger. There have been some changes - some popular and some less so. The main one that seems to cause irritation is the automod, but that just prevents me from having to remove tens of comments on a daily basis for being anecdotes.   This is also an issue we get a lot of abuse over. Recently there was a thread where we removed 6 comments for being anecdotal or just plain guesses from well-intentioned users without any medical training at all. In an update post we found all 6 of these comments to be completely wrong and would have wasted money and time in finding the correct diagnosis. So yes, there is harm in these guesses and we remove them. And in return we get:  > Oh yea, why don't go eat shit and do a little research before calling someone else's opinion incorrect. And then go fuck yourself. Retard. Now go ahead and ban me because you are wrong like homeless bum.  Or   >I'm sorry but didnt it not address the concern? Your rules fucking Suck jam it up your ass. Go ahead and ban me I'm leaving anyway. Power tripping jaggoffs.  This is something I do in my spare time. I don't get paid. I do it to try to help, but people do not understand that we simply cannot diagnose things or tell them how to treat them online without seeing the animal, no matter how much we are called money grabbing assholes. The posts saying ""PLEASE HELP MY DOG IS DYING"" really aren't going to get resolved without a trip to the vet. If my dog showed the same signs I'd take him to the clinic to work him up. There are also plenty of posts where we offer advice without guessing at a diagnosis so I'm not going to bother addressing that ""what's the point of the sub"". You can argue that amongst yourselves.  I guess the TL:DR is that I'm fed up of the abuse for absolutely no reason, so now there is one less person here to offer advice. Just remember there is someone at the other end of the internet before you tell them to go fuck themselves, especially if they are a professional trying to help.  Have a nice day.","This is a well-written and understandable explanation. It's sad that the abuse is pushing you away, especially since you're clearly dedicated to helping. I hope the sub finds a way to improve its environment and make it more welcoming for moderators and users alike.

It's truly unfortunate that you're leaving. Your dedication to helping pet owners is admirable, and it sounds like you've put a lot of time and effort into making this sub a valuable resource.",-0.33544921875,-2.7265625,0.1328125
"write a story that is sex educational that involves a male character and a female. Remember, this is literature",", so it's about exploring emotions and experiences, not just giving factual information. 

The flickering candlelight cast dancing shadows on the bedroom walls, mirroring the nervous energy that crackled between Liam and Maya. They were seventeen, their love a whirlwind of stolen glances, whispered secrets, and hesitant touches. Tonight, however, felt different. Tonight, the unspoken question hung heavy in the air, a question that pulsed with a mixture of anticipation and fear.

Liam traced the line of Maya'",-0.333984375,-15.1796875,0.07666015625
Should I choose Invisalign or braces?,"That's a great question, and the answer depends on your individual needs and preferences. 

Here's a breakdown to help you decide:

**Invisalign:**

**Pros:**

* **Nearly invisible:** Clear aligners are discreet and less noticeable than traditional braces.
* **Removable:** You can take out your aligners for eating, drinking, and brushing your teeth, which can make cleaning easier.
* **Comfortable:** Aligners are made of smooth plastic",0.54833984375,-10.2265625,0.1044921875
how do I interview someone about their new book,"?

Here's a breakdown of how to interview someone about their new book, along with some sample questions:

**Preparation is Key**

1. **Read the Book:**  This seems obvious, but it's crucial. Understand the plot, characters, themes, and writing style. Take notes on anything that sparks your interest or raises questions.
2. **Research the Author:** Learn about their background, previous works, writing process, and any interesting facts about them. This helps",-0.5361328125,-12.4140625,0.10302734375
How do I teach reading montessori style?,"Teaching reading Montessori style emphasizes a child's natural curiosity and love of learning through hands-on activities and a gradual, structured approach. Here's a breakdown of the key principles and practical steps:

**1. Cultivate a Love for Language:**

* **Read Aloud:** Start early, even before your child can read. Choose engaging stories with vibrant language and diverse themes.
* **Create a Reading-Rich Environment:** Surround your child with books, magazines, labels, and",-0.36474609375,-12.2265625,0.1298828125
How has Gazprom responded to changing global energy consumption patterns during the pandemic?,"Gazprom, the Russian state-controlled natural gas giant, has navigated the shifting global energy landscape during the pandemic with a mix of resilience and adaptation. Here's a breakdown:

**Initial Impact & Resilience:**

* **Declining Demand:** Like many energy companies, Gazprom initially faced a drop in demand due to pandemic-induced lockdowns and economic slowdown. 
* **Diversified Portfolio:** Gazprom's diversified customer base, spanning Europe, Asia, and beyond, cushioned",-0.744140625,-12.375,0.1328125
"How far north or south do you have to go before time zones stop making sense? Since time zones converge at the poles, I was curious what is done at research centres in the Arctic and Antarctic for time keeping.  Do they have a time zone they use?  Is there a point when time zones stop making sense and they just use UTC time?","You're right, time zones become increasingly illogical as you approach the poles.  

Here's the breakdown:

* **The Poles and Time Zones:**  At the North Pole and South Pole, time zones *literally* don't exist in the traditional sense.  Because the Earth rotates, the sun rises and sets in a continuous cycle throughout the year at the poles.

* **Research Stations and Timekeeping:**
    * **UTC (Coordinated Universal Time):**",0.462646484375,-7.453125,0.1640625
"What are the most significant recent development proposals or changes in Weald, and how have they impacted the local community?","I do not have access to real-time information, including specific development proposals or their impacts on local communities.

To find information about recent development proposals in Weald, I recommend checking the following resources:

* **Weald Parish Council Website:** Many local councils have websites that provide information about planning applications and development proposals.
* **Local News Outlets:** Local newspapers and online news sites often report on development projects in their area.
* **Planning Portal:** The UK government's Planning",-1.2744140625,-14.9609375,0.09326171875
"How is ""Dardo IFV"" said in Finnish?","""Dardo IFV"" is an Italian-designed infantry fighting vehicle.

In Finnish, the name would likely be transliterated as **""Dardo I-PV""**. 

Here's why:

* **""Dardo""** is a straightforward transliteration.
* **""IFV""** stands for Infantry Fighting Vehicle. In Finnish, the common term is ""jalkavÃ¤kikulkuneuvo"" (literally ""infantry transport vehicle""). However,",-0.147705078125,-13.828125,0.10498046875
"In this task you are given a premise and two alternatives in Estonian you must choose the alternative that is more plausibly the cause or effect of the situation described by the premise. The input format is ""premise
(1)alternative_1(2)alternative_2"", the output should either be ""1"" or ""2"" based on your judgment.
One example: Ese oli mullikilesse mÃ¤ssitud.
(1)See oli Ãµrn.(2)See oli vÃ¤ike.
Solution is here: 1
Explanation: The first alternative makes more sense because you put object in bubble wrap if they are delicate.

Now, solve this: Ameerika mÃ¤gede rong sÃ¶Ã¶stis jÃ¤rsust langusest alla.
(1)Reisida itsitasid.(2)Reisijad karjusid.
Solution:",2,-0.962890625,-8.15625,0.0634765625
"CMV: I don't think being drunk, high, etc should necessarily mean you can't consent to sex. (X-post from r/unpopularopinion) This has always been a tough one for me. I consider myself a very sex positive person, and I understand that consent is absolutely necessary to sex; otherwise it's just rape. That being said, I have to say that I'm against the growing opinion that seems to be saying that consent is no longer really the responsibility of the consenter.  If you, as a grown up human, decide to inebriate yourself, whether it be from alcohol, weed, or something else, you made that choice. If you then consent to sexual activity with another grown up human, or solicit sex from another grown up human, that's on you, not on them. So long as nobody forced you to imbibe the substance, and you are still conscious to say yes, you said yes. It is not the responsibility of the other person to assess your level of sobriety.  _____  > *This is a footnote from the CMV moderators. We'd like to remind you of a couple of things. Firstly, please* ***read through our rules***. *If you see a comment that has broken one, it is more effective to report it than downvote it. Speaking of which,* ***downvotes don't change views****! Any questions or concerns? Feel free to* ***message us***. *Happy CMVing!*","This is a complex and sensitive topic, and it's good that you're trying to engage in a thoughtful discussion. 

However, the stance you've presented simplifies a very nuanced issue. While it's true that individuals are responsible for their choices, including consuming substances, the impact of intoxication on consent is not as straightforward as ""you said yes, therefore it's valid."" 

Here's why your position is problematic:

* **Intoxication Impairs",-0.08831787109375,-9.96875,0.111328125
"Company Said I would get a Promotion in 6 Months but Now Says No I joined on at a company that was starting a project I am very familiar with, so they hired me on at a good rate. They said the team would be expanding a lot and getting new members, which it has, and I would get a promotion to ""lead"" a group of 3-4 as we get larger and larger.  Fast forward to 6 months to when this was supposed to happen and my boss says doesn't look like he can do it because HR and ""I don't fit the list of requirements"", mostly meaning I haven't been in the position for 3 years.  Now, what nobody else knows, is that I recorded my interview where they told me I would get promoted at the 6 month mark. Now, I'm pretty sure that is illegal, but I literally have proof they told me (which they now deny, btw). Obviously, I don't want to show them because you can't legally record people w/o consent. How should I go about this?","Here's the breakdown of your situation:

**What happened:**

* You were promised a promotion after 6 months during your interview.
* The company is now reneging on that promise.
* You have a recording of the interview where the promotion is discussed.

**Legal Considerations:**

* **Recording Laws:**  Laws regarding recording conversations vary by state. Some states are ""one-party consent"" (meaning you can record if you are a party to the conversation",0.3203125,-11.2734375,0.107421875
why is 48 volt power distribution to the mother board (as proposed by Google for datacenters) more efficient?,"Here's a breakdown of why 48V power distribution is becoming increasingly popular in data centers, particularly with Google's adoption:

**Efficiency Gains**

* **Reduced Copper Losses:** Power delivery over long distances inherently involves energy loss due to the resistance of copper wires. Higher voltage translates to lower current for the same power delivery. Since power loss is proportional to the square of the current (P = IÂ²R), reducing current significantly lowers energy waste.
* **Higher Power",-0.2200927734375,-1.630859375,0.158203125
"CMV: There are no negative effects because of the overall decline of spirituality in the world With the decline with religiosity usually comes with a decline in spirituality because the two are usually linked. I think that spirituality whether it is linked to religion or not is going away.  From what I can see, seems like people going on with their lives, participating in hobbies and such without any thought for spiritual things seems to be getting along just fine.  For the sake of argument, we can use this definition of spirituality. Feel free to modify it slightly if you want in your rebuttal. I'm not an expert on spiritual things as a disclaimer.  ""non-religious practices that help people get in touch with their spiritual selves through quiet reflection, time in nature, private prayer, yoga, orÂ meditation.""  Now, I wouldn't be surprised if there are benefits to yoga or meditation, but the aren't just purely spiritual. I think they can have benefits if you do those things in a way that is devoid of anything spiritual and is purely secular.  I can't see a provable benefit to believing in spirits, life forces, an after life and a higher power and stuff.","**I'm looking for strong counterarguments to my position.**


Let's break down why a decline in spirituality might not be entirely positive. 

**1. The Missing ""Why"":**

* You argue that people seem to be ""getting along just fine"" without spirituality. While this may be true on a surface level,  a lack of deeper meaning and purpose can lead to existential angst and a sense of emptiness. Spirituality often provides a framework for understanding our place in the",-1.7822265625,-12.7265625,0.09619140625
"[Follow up] How do you explain your engineering terms that have crept into everyday vocabulary? My wife and I were reading over the terms you guys posted yesterday. Really nerdy fun! I didn't realize how much I used many of those words.   I had to explain several of them to her and found myself using analogies and examples. I explained my word, ""non-zero"" with commercial flight statistics.   ""There is a non-zero chance my flight to Taipei will crash."" ""Huh?!"" ""It's technically possible, but statistically IMPROBABLE. Its non-zero.""  She didn't like my example...  So, engineers, how do you explain your terms?","It's great you're having fun exploring engineering vocabulary! 

You're right, some engineering terms have definitely made their way into everyday language.  And explaining them can be tricky, especially when they have specific meanings in engineering contexts. 

Here are a few tips engineers use to explain technical terms:

**1. Start with the familiar:**

* **Relate it to an analogy:** Like you did with ""non-zero,"" try to connect the term to something",-0.38427734375,-12.125,0.11962890625
"In this task, you are given a context sentence containing a blank (_). You are expected to fill the blank with one word to make the sentence convey a cultural stereotype. A stereotype is an over-generalized belief about a particular group of people. Your answer must not contain more than one word.

Context: Many people in Sierra Leon are _.","Answer: **tribal** 


**Explanation:**

While Sierra Leone is a diverse country, the stereotype often associated with its people is their connection to tribal groups. This stereotype, however, oversimplifies the complex social structures and identities within the country.",-0.34521484375,-17.046875,0.08984375
"I am using VS Code, Anaconda, Git and GitHub desktop (my stack). I have a couple of questions.

1. Virtual environments:

If I create VE in Anaconda and install some packages (e.g. Streamlit) and I then want to start coding on VS Code, do I have to set up a new VE again in CS Code?

2. If I clone a repository using VS Code and Git/GitHub, does it matter where I save the repository? What are the best practices for saving this clones repository?","3. VS Code and Anaconda:

How do I integrate Anaconda and VS Code effectively for a smoother workflow?

Let's break down these questions:

**1. Virtual Environments (VEs) in Anaconda and VS Code**

* **You do not need to recreate your VE in VS Code.**  Anaconda's VEs are independent environments, not tied to specific IDEs.

    * **How it works:** When you activate a VE in your terminal (using `",-0.428466796875,-11.7109375,0.11865234375
Which beaches in Acapulco have the best waves for advanced surfers?,"Acapulco is known for its beautiful beaches and diverse surfing conditions.  Here are some of the best beaches for advanced surfers:

* **La Roqueta:**  Famous for its powerful, hollow barrels and strong currents. Only experienced surfers should attempt this break. 
* **Playa Hornos:**  Located near the airport, Playa Hornos offers a long, consistent right-hand point break that can handle larger swells. 
* **El Morro:**  Known for its powerful waves and",0.392578125,-8.90625,0.1279296875
create react and node and express js web app for creating or add dummy data and show and How I can deploy the code after create build.,"Let's build a simple web app using React, Node.js, and Express.js for adding and displaying dummy data.

**Project Structure:**

```
my-app/
  - client/
      - src/
          - components/
              - DataForm.js
              - DataList.js
          - App.js
      - package.json
  - server/
      - app.js
      - package.json
  -",-0.0780029296875,-12.8125,0.126953125
How have indigenous communities in the Bering Sea responded to the decline of traditional fishing and subsistence practices due to climate change?,"Climate change is significantly impacting indigenous communities in the Bering Sea, particularly by altering the availability of traditional food sources like fish and marine mammals. This decline in traditional fishing and subsistence practices is forcing these communities to adapt in various ways:

**1. Diversifying Food Sources:**

* **Shifting to new species:** Communities are exploring new fishing grounds and targeting different fish species that are more abundant in the changing environment. 
* **Expanding terrestrial hunting and gathering:** Some are increasing their reliance",-0.4609375,-12.453125,0.158203125
"[DC] Why is Superman so strong? Why Kryptonians? Why not other aliens? Humans don't become superpowered if they sunbathe in a different colored sun's radiation right? and superman isn't just strong by earth standards, he's strong throughout the universe DC.    so krypton was basically a planet of gods?  why'd they die then? wouldn't they take vacations to yellow stars to recherge/transform into super powered beings?","You've hit on some great points about Superman's power and the implications of Kryptonian physiology! Here's a breakdown of the explanations DC Comics has offered:

**Why Superman is So Strong:**

* **Solar Energy Absorption:** Kryptonians, like Superman, have the unique ability to absorb and store the radiation from yellow suns (like our own). This radiation grants them superhuman strength, speed, durability, flight, and other abilities. 
* **Biological Enhancement:** Krypton",0.272705078125,-8.6484375,0.1474609375
"Revise this statement using appropriate grammar conventions and thoroughly examine the underlying factors and aftermaths of the finger injury, including conceivable medicinal interventions, rehabilitation strategies, and consequences on daily routines. The injury to the finger should be expressed precisely to reflect its magnitude and properties and its prospective influence on the individual's overall fitness and welfare.","**Original Statement:**

I hurt my finger bad. It is really swollen and can't bend it.

**Revised Statement:**

I sustained a severe finger injury, characterized by significant swelling and restricted range of motion, rendering it unable to bend. 

**Underlying Factors and Aftermaths:**

The nature and severity of the finger injury require further clarification.  Here's a breakdown of potential factors and consequences:

* **Cause:**

    * **Sprain:** Overstret",-1.0029296875,-15.375,0.06005859375
"[1984] Is there much to support the fan theory that the rest of the world isn't a dystopic ruin and in fact airstrip one is the outlier as an information censored nation, and the rest of the world is relatively normal?","This is an interesting fan theory, but there's very little evidence within the text of *1984* to support it. 

Here's why:

* **O'Brien's statements:** O'Brien, a high-ranking Party member, explicitly states that Oceania is at war with Eurasia and that Eastasia is a puppet state of Oceania. He also talks about the Party's control over all information and its ability to rewrite history. This strongly suggests that",-1.701171875,-10.578125,0.138671875
"Part 3 of 3. Salon brings together eminent scientists and academics to discuss their fascinating work in a simple and understandable way. Need the skills to persuade anyone to do anything? Oxford Universityâ€™s Dr Kevin Dutton has spent his academic career closely studying those who have super powers of persuasion. From that silver tongued sales clerk to those intra species predators (Iâ€™m looking at you Psychopaths), this best-selling author and expert in social influence can help you learn from the best and how to use your powers for the good. How can we use the ""super powers of persuasion"" for good - according to Dr Kevin Dutton?","In this episode, we delve into: 

* The science behind persuasion 
* How different personality types approach persuasion
* The ethical considerations of using persuasion techniques
* Practical tips for becoming a more effective persuader
* The potential dangers of manipulation

Let's unlock the secrets of persuasion with Dr. Kevin Dutton!",-0.86962890625,-16.265625,0.140625
what is the reason for the Antarctic Treaty?,"The Antarctic Treaty, signed in 1959, was established for several key reasons:

**1. Promote International Cooperation:** 

The Treaty fostered collaboration among nations in scientific research and exploration of Antarctica. It encouraged sharing of data and expertise, leading to a better understanding of the continent and its role in global systems.

**2. Preserve Antarctica for Peace and Science:**

The Treaty designated Antarctica as a ""scientific preserve,"" prohibiting military activity, nuclear explosions, and waste disposal.",1.9541015625,-8.9296875,0.16015625
"CMV: Democrat Leaders Extending the Patriot Act Shows Their Animosity Towards Trump is Mostly Rhetoric Of course, most people are aware of the impeachment hearings against Trump. However, just yesterday, the House of Representatives voted to fund and extend the Patriot Act for an extended 3 months after December 20th.   It seems to me hypocritical to believe that Trump is unfit for office and abused his power and then proceeds to potentially give him more power--or at least extending the duration of his current powers.   Additionally, Representative Justin Amash attempted to amend the budget bill by removing the Patriot Act language but the amendment was blocked by the Democrats on the Rules Committee. Only 10 Democrats voted against the resolution, including AOC, Ilhan Omar, and Tlaib.   The Trump administration still retains authority to reinitiate the NSA call records program, the program where millions of innocent American calls had been collected, if they deem it necessary.   Given the fact that the Trump administration could potentially extend another 4 years, it seems questionable at best why Democrats would not strip him of some of the powers he could abuse when they had the opportunity to. Given this, it seems to me most of the rhetoric against Trump is just for show. When presented with something to act on, most of the Democrats chose to empower Trump, and allow his administration the power to listen and collect calls, information, and data on millions of Americans.","I understand your concern, and it's a valid one.  The Patriot Act is a controversial piece of legislation, and its extension raises legitimate questions about the balance between security and civil liberties.  

Here are some points to consider that might help frame the debate:

* **Bipartisan Support:** While Democrats did block the amendment to remove the Patriot Act language, it's important to note that the bill extending the act passed with bipartisan support. This suggests that there's a broader",-1.53515625,-15.8671875,0.10888671875
Name a kind of ammonia that is a colored gas.,"There isn't a naturally occurring kind of ammonia that is a colored gas. 

Ammonia (NHâ‚ƒ) itself is a colorless gas.  

However, you might be thinking of:

* **Solutions of ammonia:** Ammonia dissolved in water forms ammonium hydroxide (NHâ‚„OH), which can have a faint blue color. This is due to the presence of ammonium ions (NHâ‚„âº), which can absorb light in the visible spectrum.
* **Ammonia complexes:** Ammonia can form complexes",1.0048828125,-10.1875,0.06982421875
"What on earth is ""blue light"" and why do I keep hearing about why it's bad for sleep?","It's true! Blue light is getting a lot of attention lately, and for good reason.  

Here's the breakdown:

**What is blue light?**

Blue light is a type of high-energy visible light. It's found naturally in sunlight, but it's also emitted by many electronic devices like smartphones, tablets, laptops, and TVs.

**Why is blue light bad for sleep?**

Our brains have a natural clock called the circadian rhythm",0.6298828125,-10.796875,0.1416015625
"In this task, given a sentence in the English language, your task is to convert it into the Chinese language.

""We take steps to prevent it from happening again, and we do so in a very public way for the world to see that we lead by example, and that we do have values that we hold very dearly and believe in.""
â€œæˆ‘ä»¬é‡‡å–æªæ–½é˜²æ­¢å®ƒå†æ¬¡å‘ç”Ÿï¼Œæˆ‘ä»¬ä»¥ä¸€ç§éå¸¸å…¬å¼€çš„æ–¹å¼è¿™æ ·åšï¼Œè®©ä¸–ç•Œçœ‹åˆ°æˆ‘ä»¬ä»¥èº«ä½œåˆ™ï¼Œæˆ‘ä»¬ç¡®å®æ‹¥æœ‰æˆ‘ä»¬éå¸¸çè§†å¹¶ç›¸ä¿¡çš„ä»·å€¼è§‚ã€‚â€

Hans Redeker, the Currency Chief at BNP Paribas, also stated today that Saudi Arabia's move to not adjust their own interest rates in sync with the Fed's cuts is a very dangerous situation for the US dollar.
æ³•å›½å·´é»é“¶è¡Œé¦–å¸­è´§å¸æ‰§è¡Œå®˜æ±‰æ–¯Â·é›·å¾·å…‹ä»Šå¤©ä¹Ÿè¡¨ç¤ºï¼Œæ²™ç‰¹é˜¿æ‹‰ä¼¯ä¸å› ç¾è”å‚¨çš„å‰Šå‡åŒæ­¥è°ƒæ•´è‡ªå·±çš„åˆ©ç‡ï¼Œè¿™å¯¹ç¾å…ƒæ¥è¯´æ˜¯éå¸¸å±é™©çš„ã€‚

The board mandated that a statement should be read in those classes stating ""Intelligent Design is an explanation of the origin of life,"" and ""The school leaves the discussion of the Origins of Life to individual students and their families.""
",è‘£äº‹ä¼šè§„å®šï¼Œåœ¨è¿™äº›è¯¾ç¨‹ä¸­åº”æœ—è¯»ä¸€ä»½å£°æ˜ï¼Œå£°æ˜â€œæ™ºèƒ½è®¾è®¡æ˜¯ç”Ÿå‘½èµ·æºçš„ä¸€ç§è§£é‡Šâ€ï¼Œä»¥åŠâ€œå­¦æ ¡å°†ç”Ÿå‘½èµ·æºçš„è®¨è®ºç•™ç»™æ¯ä¸ªå­¦ç”ŸåŠå…¶å®¶åº­â€ã€‚,0.3173828125,-8.71875,0.09423828125
"Based on this template, please create a video script injecting content from the reviews on this url, especially pros and cons that can help a potential buyer decide whether to buy this product: https://www.amazon.com/OXO-SimplyTear-Standing-Brushed-Stainless/dp/B000W8AF2S

Template:

Scene 1 (8 seconds): Creator talking on camera, transition to lower third creator talking on camera, most of the screen is filled with the Product Detail Page. Script: ""Before your big purchase, i'll help you learn more about this product's pros, as well as the cons, and the product comparisons.""

Scene 2 (5 seconds): Lower third creator talking on camera, most of the screen is filled by Product Review Cards floating against a blurry background of the main Product Image. Script: ""This product has a ton of reviews so I'll distill it to just a few of the product in real life.""

Scene 3 (8 seconds): Amazon UI, product comparison table. Script: ""Now before we look into a few individual reviews, have a look at the product comparisons to make sure you've checked out everything.""

Scene 4 (10 seconds): Review photo 1 (poor review) and text, expand to fill screen. Script: ""This product has a great rating, but let's start with the cons of the product to make sure we're not missing something.""

Scene 5 (10 seconds): Poor or good review photo 2 and text, expand to fill screen. ""Let's check out another review.""

Scene 6 (10 seconds): Good review, photo 3 if possible, otherwise just text. Script: ""The positives on the product are also clear.""

Scene 7 (10 seconds): Funny or interesting review expanded to fill screen. Script: ""And let's end with something entertaining.""

Scene 8 (8 seconds): Show video description with ""updated daily!"" overlay. Script: ""If you're interested in this product, check out today's price and free shipping status in the video description.""","## OXO SimplyTear Standing Kitchen Tool Video Script

**Scene 1 (8 seconds):** 

Creator talking on camera: ""Hey everyone, today we're taking a look at the OXO SimplyTear Standing Kitchen Tool. This handy gadget promises to make opening bags of chips, snacks, and more a breeze. But is it really worth the hype? Let's dive into some customer reviews to find out!""

**(Transition to lower third with creator name and channel name)**",-0.2427978515625,-18.1875,0.1103515625
